Age,Attrition,Department,DistanceFromHome,Education,EducationField,EnvironmentSatisfaction,Gender,JobRole,JobSatisfaction,MaritalStatus,MonthlyIncome,NumCompaniesWorked,OverTime,PercentSalaryHike,PerformanceRating,RelationshipSatisfaction,StockOptionLevel,TotalWorkingYears,TrainingTimesLastYear,WorkLifeBalance,YearsAtCompany,YearsInCurrentRole,YearsSinceLastPromotion,YearsWithCurrManager
41,Yes,Sales,1,2,Life Sciences,2,Female,Sales Executive,4,Single,5993,8,Yes,11,3,1,0,8,0,1,6,4,0,5
49,No,Research & Development,8,1,Life Sciences,3,Male,Research Scientist,2,Married,5130,1,No,23,4,4,1,10,3,3,23,2,2,17,7,7,7
37,Yes,Research & Development,2,2,Other,4,Male,Laboratory Technician,3,Single,2090,6,Yes,15,3,2,0,7,3,3,0,0,0,0
33,No,Research & Development,3,4,Life Sciences,4,Female,Research Scientist,3,Married,2909,1,Yes,11,3,3,8,3,3,8,7,3,0
27,Yes,Research & Development,2,1,Medical,1,Male,Laboratory Technician,2,Married,3468,9,Yes,12,3,4,1,6,3,3,2,2,2,2
32,No,Research & Development,2,2,Life Sciences,4,Female,Research Scientist,4,Single,3068,0,No,13,3,3,0,8,2,3,7,7,3,0
22,Yes,Research & Development,4,1,Life Sciences,1,Female,Sales Representative,1,Single,2670,1,Yes,20,4,1,1,2,2,1,0,0,0
28,No,Research & Development,2,2,Medical,4,Male,Research Scientist,4,Married,2693,0,No,22,4,4,1,6,2,3,4,2,2,2
46,No,Research & Development,3,3,Life Sciences,1,Female,Manufacturing Director,4,Married,9526,1,No,21,4,2,3,23,2,2,17,7,7,7
36,Yes,Research & Development,2,3,Other,3,Male,Healthcare Representative,2,Single,5237,6,Yes,13,3,3,0,9,5,2,9,7,1,0
29,No,Research & Development,2,4,Medical,3,Female,Research Scientist,4,Single,2426,0,No,12,3,3,0,4,3,3,4,2,2,2
31,No,Research & Development,1,1,Life Sciences,4,Male,Laboratory Technician,3,Single,4193,1,No,14,3,1,0,5,0,2,5,4,0,3
34,No,Research & Development,2,1,Life Sciences,2,Female,Research Scientist,2,Married,3527,0,Yes,11,3,4,0,6,3,3,3,2,2,2
